{
  "loss": [
    0.00380319613032043
  ],
  "val_loss": [
    0.0013397461734712124
  ],
  "training_time_seconds": 743.814036,
  "dataset": "ped1",
  "img_size": 128,
  "epochs": 1,
  "batch_size": 4
}